036f70c5a5f66766645cdc4aa8bb7f0ed30452c1ba7287b1bb15d4cf82c0a9e4,https://vpn-apse2.atlassian.com/+CSCOU+/Duo-Cisco-v5.js,2025-10-11T16:08:24Z
07c539d918d72d2449515f4451d8ef1919feafb5c10d23d4a0b0ce5834cf6354,https://downloads-cdn.atlassian.com#inline-script-10,2025-10-11T16:08:20Z
0aa863d4e0ef3e9fdee6679354ced94db8651169258e4802f0239063d5746de8,https://wac-cdn.atlassian.com/static/master/10080/assets/build/js/chunks/12ef52e1dcf5e5.js,2025-10-11T16:08:20Z
0d6a1e23134d12c53662c4db48d57dad87cc75fcced1bb2acd1fc6dc81432f8b,https://wac-cdn.atlassian.com/static/master/10080/assets/build/js/chunks/e5d117842d22df.js,2025-10-11T16:08:20Z
17ff08025b18724e7fae8aafb01f68cd0517e6cc82fe1351114632cb2231a626,https://downloads-cdn.atlassian.com#inline-script-7,2025-10-11T16:08:19Z
1a828972d3e667311b0fe5662301cc433f2c5e97d5018cbd331c4c59ad34d311,https://www.gstatic.com/recaptcha/releases/bGi-DxR800F5_ueMVcTwXc6q/recaptcha__en.js,2025-10-11T16:08:19Z
208e44c0042a9a87d93569fe3aff551e1670426d42932307c5657dc8a9ad6d2b,https://wac-cdn.atlassian.com/static/master/10080/assets/build/js/chunks/f6103303280158.js,2025-10-11T16:08:19Z
22f03baf11ce87a3a125493e52fe9e066b7490ab3ddfe9db4c0ceddd2650fb00,https://jira-service-desk.status.atlassian.com#inline-script-10,2025-10-11T16:08:25Z
23b8e03fc7b85bad7e9141190ddbc297d973901ba145eee0a64c1a03c87b688b,https://wac-cdn.atlassian.com/static/master/10080/assets/build/js/chunks/cccb61f55ca59f.js,2025-10-11T16:08:20Z
24c148944c50b57d4bf8c6d7f6968f64d691cfc66ad0982240723b4583fd28a6,https://wac-cdn.atlassian.com/static/master/10080/assets/build/js/chunks/84d342aa622bf8.js,2025-10-11T16:08:19Z
24edc03435c406cebecc5fca20f6b8aadb68366a63dd16513c7de7c81406e7e8,https://downloads-cdn.atlassian.com#inline-script-16,2025-10-11T16:08:19Z
27a437f208791d5fd28e7ac590fd5b70fc20bdd3cf3888d549a8cacbf1cf5a69,https://downloads-cdn.atlassian.com#inline-script-8,2025-10-11T16:08:20Z
286ca72b1ae00539adcd3c66e07cde8c978ecd017890103b596a5da6c097748b,https://wac-cdn.atlassian.com/static/master/10080/assets/build/js/chunks/6102ba6a3617c1.js,2025-10-11T16:08:20Z
29c711dec1f0855a8e884e8db7d42561fc21fb25bff6d56217cacf02d6f901a4,https://downloads-cdn.atlassian.com#inline-script-6,2025-10-11T16:08:19Z
2a8d283d9c3d73f93c993d5e9c491c60cee5bfb8597196393b4028e2cf7966c2,https://wac-web.prod-east.frontend.public.atl-paas.net/assets/home.f866ab97.js,2025-10-11T16:08:22Z
2f39bab97dd953d559ea7382393c86366134a408cf833f57c65a1952e231a058,https://wac-web.prod-east.frontend.public.atl-paas.net/assets/home.b946d107.js,2025-10-11T16:08:21Z
32ab284c34616094c010ddecb98f2f848faf66855bc1a65cc53a41ef4b227d08,https://jira-service-desk.status.atlassian.com#inline-script-9,2025-10-11T16:08:25Z
400ae641c9cbc7406b1ac78353fe540bde193439666e0403c75f489ce3fdd8bc,https://cdn.cookielaw.org/scripttemplates/202503.2.0/otBannerSdk.js,2025-10-11T16:08:19Z
4232923497d996d691e1b95760bb60bc11c496020a9fe0a1c48561bce7888f91,https://jira-service-desk.status.atlassian.com#inline-script-1,2025-10-11T16:08:25Z
462a757af2ca850f9c34c34e64ec8bc92312b1269e8e2d34d2188007235a0853,https://www.recaptcha.net/recaptcha/enterprise.js?render=6Le9VxMnAAAAALKRlj8jmKwUYmFTZWcF0y4o9QeD,2025-10-11T16:08:22Z
47ab3b4150df6efa44c380b2de0f296ed29e246d32d4353dcb7a82904f363797,https://downloads-cdn.atlassian.com#inline-script-20,2025-10-11T16:08:19Z
49bccc4592ccba22db365eea54236321c6300e539a0fa4e29c91725889b4f781,https://downloads-cdn.atlassian.com#inline-script-18,2025-10-11T16:08:18Z
511775d7deaed58ffeb06fb2d3190c479345ec9dfe3adce53f1f85dd4b947789,https://wac-cdn.atlassian.com/static/master/10080/assets/build/js/main.js?cdnVersion=3017,2025-10-11T16:08:19Z
539b9f2c6917c4523fe754011300d558fedae0b2e48b7d03f6f618f03d302147,https://downloads-cdn.atlassian.com#inline-script-2,2025-10-11T16:08:20Z
56a34d69c74856589cda233ce475e6d50a291f5190cc7313bcba5b020cd32a73,https://vpn-apse2.atlassian.com/+CSCOE+/win.js,2025-10-11T16:08:24Z
589b657fec607087fc5c740c568270907310bc4f6aaa20256e70f01b103025ca,https://dka575ofm4ao0.cloudfront.net/assets/register_subscription_form-589b657fec607087fc5c740c568270907310bc4f6aaa20256e70f01b103025ca.js,2025-10-11T16:08:25Z
58e0681fb282777c93baddc4eae2e4d9f41b3f1516c8206faad392921de1f6ef,https://jira-service-desk.status.atlassian.com#inline-script-5,2025-10-11T16:08:25Z
5ad61365cda6036bb244acd8348ea42574e4dfeabbdc497c867e1dd79026099d,https://www.recaptcha.net/recaptcha/enterprise.js?onload=onloadCallback&render=explicit,2025-10-11T16:08:25Z
5c246bf80ac1ecd6ae0190830370f451277c510e62088efb7fbc2c55b49aef43,https://vpn-apse2.atlassian.com#inline-script-1,2025-10-11T16:08:22Z
5c5e5c983baed9aad3cf9c5f75df911d4d860a57b54859b730b4e26a118ba9c7,https://wac-cdn.atlassian.com/static/master/10080/assets/build/js/chunks/fcc115da3c9614.js,2025-10-11T16:08:20Z
5ea3f74a0bd19cfe463d53fcf9d6d4a78c877ae67e6055eeb8d24cd5796adaab,https://jira-service-desk.status.atlassian.com#inline-script-7,2025-10-11T16:08:25Z
6196ada8c116fa2251b04c2f756bd3a0608bd89bf42d28fc9fb0a736d083e9b1,https://cdn.cookielaw.org/consent/1ef16389-2e72-4349-ad86-ea904db9373b/otSDKStub.js,2025-10-11T16:08:20Z
64859c31cdf6f79969a7dcd01f337bf0d49e2402f99c17f99f830d1cc601d288,https://dka575ofm4ao0.cloudfront.net/packs/runtime-315523c15b4d55375eca.js,2025-10-11T16:08:24Z
64c7e7aab9b5fe479dd5b59d04e01e774d19c6b78636b5e612f9a05cf4e18f66,https://cdnjs.cloudflare.com/polyfill/v3/polyfill.js,2025-10-11T16:08:25Z
680e4723e27a61d15edaaa0feb18bb21b108c5ccbbba55a734daf575d50c5405,https://jira-service-desk.status.atlassian.com#inline-script-8,2025-10-11T16:08:24Z
6976c7c989d625a423e295abc6e0cb8b4ad58fd7a3f2f6559ff3b88297a5a71a,https://wac-cdn.atlassian.com/static/master/10080/assets/build/js/chunks/7e83fdad761a55.js,2025-10-11T16:08:20Z
70e70a9deb831c981a7dbfd74eb95a41e66db4d597565ce5539f6554157759d9,https://downloads-cdn.atlassian.com#inline-script-12,2025-10-11T16:08:19Z
729e416557a365062a8a20f0562f18aa171da57298005d392312670c706c68de,https://dka575ofm4ao0.cloudfront.net/assets/jquery-3.5.1.min-729e416557a365062a8a20f0562f18aa171da57298005d392312670c706c68de.js,2025-10-11T16:08:25Z
72ab5ae1fd1389b9ea2559631867d5736913e3838a47cccf6520b319f7953b4b,https://cn.atlassian.com#inline-script-2,2025-10-11T16:08:21Z
736713a012a489b7e0b639254dfd4af9f9e92c0fa959e96cda4527338a0b74e0,https://wac-web.prod-east.frontend.public.atl-paas.net/assets/language-selector.5e567f80.js,2025-10-11T16:08:21Z
7449841f2ca9d01d7fc91b991cbcddc4a23465452a7cd8b9e1a1fb07bdf2fa90,https://wac-web.prod-east.frontend.public.atl-paas.net/assets/language-selector.1cb95445.js,2025-10-11T16:08:21Z
7a13d5ae0755d86c09084ec300c4a0f1a0a06921f74d9980eba9d966ff17ad38,https://jira-service-desk.status.atlassian.com#inline-script-3,2025-10-11T16:08:25Z
803c573a0997678e88a08b22d4fb72fb8f8f84550d1f49b3ff6e357d4e8708f1,https://wac-cdn.atlassian.com/static/master/10080/assets/build/js/chunks/fae6bf15acd12a.js,2025-10-11T16:08:19Z
824906922d0fd13f0684bf634822abb4d4d49c6337830728f031bfc774e724b2,https://dka575ofm4ao0.cloudfront.net/packs/globals-f39f1afbe40d8b149e0b.chunk.js,2025-10-11T16:08:24Z
85b2025c590679a13f4e59cec2560854e8e4d322e050681a8ce806b85b492d86,https://downloads-cdn.atlassian.com#inline-script-17,2025-10-11T16:08:19Z
890f2ae3c9f8b725ba445d0ebb651e9a88b0d0a5947f78850a71f5f08d301a53,https://www.recaptcha.net/recaptcha/api.js?render=6Le9VxMnAAAAALKRlj8jmKwUYmFTZWcF0y4o9QeD,2025-10-11T16:08:19Z
8a8e6a9eb8e5274a40b1f898a153ba53314eb65e8bdc58733aced9a435a5261d,https://jira-service-desk.status.atlassian.com#inline-script-6,2025-10-11T16:08:25Z
8b2effe665cec3adb860a622a93e25a7d1ed56c81b854fe92b1d2ec7a0c15244,https://wac-cdn.atlassian.com/static/master/10080/assets/build/js/chunks/d92982c4cd13aa.js,2025-10-11T16:08:20Z
8df0430e645b0791d61c0d7cc923304e28bb12cbef09530483c0c22e46530a44,https://jira-service-desk.status.atlassian.com#inline-script-2,2025-10-11T16:08:25Z
947815f6dbd3e5457b565b30a534b28a30d7ef308f49a09461eb21ed7b9e90f4,https://downloads-cdn.atlassian.com#inline-script-15,2025-10-11T16:08:20Z
958217a23fddeeca787d0bfd4e70ddb326d9acb93758f3efb4e6b49bf2b2af4c,https://vpn-apse2.atlassian.com#inline-script-2,2025-10-11T16:08:22Z
a3ede434b737c3c44099404095d20b12d3729e1807871030b2df4ea773310f8b,https://jira-service-desk.status.atlassian.com#inline-script-4,2025-10-11T16:08:24Z
a4750a7ea03bc02226d77eec994b1f5a82cfb22ac70c41e0680c68f16d885d04,https://wac-cdn.atlassian.com/static/master/10080/assets/build/js/head.js?cdnVersion=3017,2025-10-11T16:08:20Z
ab7c70befc1ac581b26e39a507b381deb2eeecd41fbe5c6f1d562f4d3365b26b,https://wac-web.prod-east.frontend.public.atl-paas.net/assets/dev.b584295f.js,2025-10-11T16:08:21Z
acb69ae7e67a6c4167b2544bef9249ec03b50cdd6c9a198592162f175e04b891,https://dka575ofm4ao0.cloudfront.net/assets/status_manifest-acb69ae7e67a6c4167b2544bef9249ec03b50cdd6c9a198592162f175e04b891.js,2025-10-11T16:08:24Z
b4e8fefe19dc181f87a0d8c6e2f676da41569d36456932ebb09154f2bdb4cb5c,https://downloads-cdn.atlassian.com#inline-script-5,2025-10-11T16:08:20Z
b633d1f6a96ba6201cf66f088a827134311f02378ab68e73ccc2af943a9e8e6f,https://wac-web.prod-east.frontend.public.atl-paas.net/assets/language-selector.234c2f79.js,2025-10-11T16:08:21Z
bb1bf33df6726eb6cfedb7bb81273177c2e0e61c9ec4d3e0d4ab07fc1dc747e9,https://atl-onetrust-wrapper.atlassian.com/assets/atl-onetrust-wrapper.min.js,2025-10-11T16:08:19Z
bdc1fb1bb0958fd6628b5e1849bfa1f880ab86c85df87426e0305eb4a7053a42,https://wac-cdn.atlassian.com/static/master/10080/assets/build/js/6486.js,2025-10-11T16:08:19Z
be019acd94132f73519600ae3e347eca24862bfe86931f4216ae1905077217ad,https://wac-cdn.atlassian.com/static/master/10080/assets/build/js/chunks/da753a55f5c06b.js,2025-10-11T16:08:20Z
be9dbb5c7dc7744d2cbe8925cc87bc04c2813ad1d21be714105b0bcaf30983e1,https://downloads-cdn.atlassian.com#inline-script-9,2025-10-11T16:08:20Z
c14b5604e3b3311cce8db06e1e1bc83c901b995a5e52baad3562427ec204e44c,https://wac-web.prod-east.frontend.public.atl-paas.net/assets/customers-landing-page.2aa92f6f.js,2025-10-11T16:08:21Z
c1b99d73ee7ab0fea796bd170723c1daac1381095a7dd7501a38ce6f333d86b3,https://dka575ofm4ao0.cloudfront.net/assets/status_common-c1b99d73ee7ab0fea796bd170723c1daac1381095a7dd7501a38ce6f333d86b3.js,2025-10-11T16:08:24Z
c2714059ab688727ff19134d742775c7984eaa8678ab41cebd1e6693eb4368ed,https://cn.atlassian.com#inline-script-3,2025-10-11T16:08:21Z
d06725733e60e7730b8fd6e11fe5b13a78b266be93d36acc8a79a78b8feeebd6,https://downloads-cdn.atlassian.com#inline-script-3,2025-10-11T16:08:19Z
d2662947c2f48b3e64a576a6907130c13df5806d94d7fd3772eb0007bab3b385,https://downloads-cdn.atlassian.com#inline-script-19,2025-10-11T16:08:20Z
d8a123e769b7af496332c2bf1e93af5b0dc071bc9b84ec3a13213f4f76180351,https://www.recaptcha.net/recaptcha/api2/webworker.js?hl=en&v=bGi-DxR800F5_ueMVcTwXc6q,2025-10-11T16:08:19Z
d926180e9fd600fb25fb95182413325e6153ced58b96003d3027e7f2f27918ac,https://wac-cdn.atlassian.com/static/master/10080/assets/build/js/jquery.js?cdnVersion=3017,2025-10-11T16:08:19Z
da856917bad7a013de12bcb6e7f0c45e45f922fab8b122d54d378fab1111774a,https://wac-web.prod-east.frontend.public.atl-paas.net/assets/404.runtime.f8c0b532.js,2025-10-11T16:08:21Z
de29b31fa34443b6afdc9442a567ba92fd3bfe5f57015dda9dd7934ae5d61e70,https://wac-web.prod-east.frontend.public.atl-paas.net/assets/404.51c8b80d.js,2025-10-11T16:08:21Z
df4ff816e82624efbb556cdbd1dea73e4383534070dfc65d10564891b414213b,https://downloads-cdn.atlassian.com#inline-script-1,2025-10-11T16:08:19Z
e87902ec5421ae3f94150d959fa8d93973d49826edb75299838a215b1c3ae9d3,https://wac-cdn.atlassian.com/static/master/10080/assets/build/js/chunks/40f182e63132a8.js,2025-10-11T16:08:19Z
e9fdeabcf111ebe23f1c141654e2c32897b0668e9cabd192d50242d7b187edef,https://downloads-cdn.atlassian.com#inline-script-14,2025-10-11T16:08:19Z
eac0112cba8fb1df921bc46c735181623bcae2ed73d2073baf01ecb7b6ced2ee,https://wac-web.prod-east.frontend.public.atl-paas.net/assets/confirmation-page.d7631681.js,2025-10-11T16:08:20Z
ebadfa8020b7f3eea1cc3b0616cf65bdfa40f39dfa79e1edbfb2d376d2bdab09,https://downloads-cdn.atlassian.com#inline-script-13,2025-10-11T16:08:19Z
edc4fe5fc56683abd176bf6ac104861dcd98c58b05f82ea1cf9fd456542147cc,https://cdn.segment.com/analytics.js/v1/9k1yxS8U0hmX1QkNUkyET8NXzHzABbGT/analytics.min.js,2025-10-11T16:08:24Z
ee225d5ee3f355e91c7a9ea35f7e70861333c674c10858a97555963a4cabe772,https://wac-cdn.atlassian.com/static/master/10080/assets/build/js/chunks/db2da79b00d5ce.js,2025-10-11T16:08:20Z
f09749453988692f9f580841daf30816ec7284fe7b7a4b42cc8c8f319b995081,https://wac-web.prod-east.frontend.public.atl-paas.net/assets/confluence-software-page.8cee6e7c.js,2025-10-11T16:08:21Z
f15a5e2055dd90be73abd2308adb4a575c87fa438aa65db24b9af28567bb55d4,https://dka575ofm4ao0.cloudfront.net/packs/common-4d053c18cbeef079deb0.chunk.js,2025-10-11T16:08:25Z
